Date,삼성전자,LG전자,카카오,NAVER,CJ,한화,현대자동차,기아자동차
2019-01-01,NaN,NaN,NaN,NaN,NaN,NaN,NaN,NaN
2019-01-02,NaN,NaN,NaN,NaN,NaN,NaN,NaN,NaN
2019-01-03,-0.029677419354838697,0.0015923566878981443,0.004901960784313708,0.03389830508474567,0.02155172413793105,-0.03387096774193543,0.021929824561403466,0.0015243902439023849
2019-01-04,-0.003989361702127714,-0.011128775834658211,0.009756097560975618,0.028688524590164022,0.00843881856540074,-0.0016694490818029983,0.025751072961373467,0.060882800608828
2019-01-05,NaN,NaN,NaN,NaN,NaN,NaN,NaN,NaN
2019-01-06,NaN,NaN,NaN,NaN,NaN,NaN,NaN,NaN
2019-01-07,0.03471295060080104,0.03215434083601276,-0.004830917874396157,0.047808764940239,0.004184100418409997,0.03344481605351168,0.008368200836819994,-0.0186513629842181
2019-01-08,-0.01677419354838705,-0.03582554517133951,-0.030097087378640808,-0.011406844106463865,-0.008333333333333304,-0.027508090614886682,-0.008298755186721962,-0.011695906432748537
2019-01-09,0.03937007874015741,0.02100161550888524,0.021021021021021102,0.023076923076922995,0.012605042016806678,0.03660565723793674,0.029288702928870203,0.029585798816567976
2019-01-10,0.005050505050504972,0.03797468354430378,-0.009803921568627416,-0.015037593984962405,-0.020746887966805017,-0.027287319422150902,0.0,-0.014367816091954033
2019-01-11,0.017587939698492372,0.0060975609756097615,0.00990099009900991,0.0,0.008474576271186418,0.0264026402640265,0.0,-0.010204081632653073
2019-01-12,NaN,NaN,NaN,NaN,NaN,NaN,NaN,NaN
2019-01-13,NaN,NaN,NaN,NaN,NaN,NaN,NaN,NaN
2019-01-14,-0.011111111111111072,-0.0015151515151514694,-0.019607843137254943,-0.03053435114503822,-0.004201680672268893,0.016077170418006492,-0.012195121951219523,-0.004418262150220897
2019-01-15,0.02621722846441954,-0.0015174506828528056,-0.0010000000000000009,0.04330708661417315,-0.00421940928270037,0.02215189873417711,0.04938271604938271,0.022189349112426093
2019-01-16,0.008515815085158085,0.010638297872340496,0.0010010010010010895,0.0,-0.004237288135593209,0.007739938080495445,0.007843137254901933,0.00868306801736618
2019-01-17,0.012062726176115701,-0.006015037593984918,-0.015000000000000013,0.026415094339622636,0.008510638297872353,0.030721966205837115,0.0077821011673151474,0.0028694404591105283
2019-01-18,0.008343265792610355,0.013615733736762392,0.01116751269035543,0.011029411764705843,-0.00421940928270037,0.0014903129657228842,0.01158301158301156,0.024320457796852546
2019-01-19,NaN,NaN,NaN,NaN,NaN,NaN,NaN,NaN
2019-01-20,NaN,NaN,NaN,NaN,NaN,NaN,NaN,NaN
2019-01-21,0.010638297872340496,-0.008955223880596996,-0.008032128514056214,-0.047272727272727244,0.004237288135593209,-0.008928571428571397,-0.03053435114503822,-0.012569832402234637
2019-01-22,-0.01403508771929829,-0.028614457831325324,0.03238866396761142,-0.007633587786259555,-0.00421940928270037,-0.0015015015015015232,0.003937007874015741,0.014144271570014189
2019-01-23,-0.003558718861209953,0.010852713178294504,0.004901960784313708,0.019230769230769162,0.008474576271186418,0.03007518796992481,0.0117647058823529,0.019525801952580135
2019-01-24,0.02499999999999991,0.0,-0.004878048780487809,-0.02264150943396226,0.0,0.0014598540145984717,0.007751937984496138,0.002735978112175186
2019-01-25,0.03948896631823451,0.06595092024539873,0.004901960784313708,0.0038610038610038533,0.012605042016806678,-0.013119533527696792,-0.011538461538461497,-0.024556616643929052
2019-01-26,NaN,NaN,NaN,NaN,NaN,NaN,NaN,NaN
2019-01-27,NaN,NaN,NaN,NaN,NaN,NaN,NaN,NaN
2019-01-28,0.006703910614525244,-0.025899280575539585,-0.004878048780487809,0.01538461538461533,0.004149377593360981,0.007385524372230501,-0.015564202334630295,-0.025174825174825166
2019-01-29,0.009988901220865598,-0.004431314623338234,0.0,0.030303030303030276,-0.008264462809917328,-0.0029325513196480912,0.011857707509881354,0.0028694404591105283
2019-01-30,0.01978021978021971,0.0029673590504450953,-0.020588235294117685,0.0,-0.02083333333333337,0.004411764705882337,0.01171875,0.03433476394849788
2019-01-31,-0.0053879310344827624,-0.014792899408283988,-0.006006006006005982,0.0,0.025531914893617058,0.029282576866764165,0.0,0.0055325034578146415
2019-02-01,0.004333694474539573,-0.018018018018018056,0.0030211480362538623,-0.018382352941176516,-0.004149377593360981,-0.03271692745376953,0.0,-0.01375515818431916
2019-02-02,NaN,NaN,NaN,NaN,NaN,NaN,NaN,NaN
2019-02-03,NaN,NaN,NaN,NaN,NaN,NaN,NaN,NaN
2019-02-04,NaN,NaN,NaN,NaN,NaN,NaN,NaN,NaN
2019-02-05,NaN,NaN,NaN,NaN,NaN,NaN,NaN,NaN
2019-02-06,NaN,NaN,NaN,NaN,NaN,NaN,NaN,NaN
2019-02-07,-0.003236245954692518,0.007645259938837912,-0.0060240963855421326,-0.0337078651685393,0.03333333333333344,0.0014705882352941124,-0.027027027027026973,0.0069735006973501434
2019-02-08,-0.030303030303030276,-0.01669195751138086,-0.008080808080808133,-0.023255813953488413,-0.024193548387096753,-0.02496328928046987,-0.003968253968253954,0.008310249307479145
2019-02-09,NaN,NaN,NaN,NaN,NaN,NaN,NaN,NaN
2019-02-10,NaN,NaN,NaN,NaN,NaN,NaN,NaN,NaN
2019-02-11,0.0044642857142858094,0.06944444444444442,-0.02647657841140527,-0.003968253968253954,0.02892561983471076,0.004518072289156683,0.015936254980079667,0.016483516483516425
2019-02-12,0.023333333333333428,0.037518037518037506,0.004184100418409997,-0.015936254980079667,0.004016064257028162,0.0029985007496251548,0.007843137254901933,0.0
2019-02-13,0.0032573289902280145,0.0027816411682892728,0.02187500000000009,0.012145748987854255,-0.016000000000000014,0.008968609865470878,-0.0311284046692607,-0.03378378378378377
2019-02-14,0.02813852813852824,0.00277392510402219,0.024464831804281273,0.020000000000000018,0.024390243902439046,-0.001481481481481528,-0.02409638554216864,0.020979020979021046
2019-02-15,-0.030526315789473735,-0.004149377593360981,0.00995024875621886,0.0,-0.015873015873015928,-0.01928783382789323,-0.004115226337448541,-0.016438356164383605
2019-02-16,NaN,NaN,NaN,NaN,NaN,NaN,NaN,NaN
2019-02-17,NaN,NaN,NaN,NaN,NaN,NaN,NaN,NaN
2019-02-18,0.0032573289902280145,0.0,0.0049261083743843415,-0.0039215686274509665,0.008064516129032251,0.015128593040847127,-0.004132231404958664,-0.00835654596100277
2019-02-19,-0.005411255411255422,0.004166666666666652,-0.019607843137254943,-0.003937007874015741,0.008000000000000007,-0.011922503725782407,-0.008298755186721962,-0.012640449438202195
2019-02-20,0.020674646354733373,0.0055325034578146415,-0.0030000000000000027,0.0039525691699604515,0.0,0.016591251885369473,-0.004184100418409997,0.0014224751066855834
2019-02-21,0.0010660980810235365,0.004126547455295837,-0.008024072216649913,0.015748031496062964,-0.007936507936507908,0.011869436201780381,0.008403361344537785,0.011363636363636465
2019-02-22,0.004259850905218299,0.00273972602739736,0.004044489383215444,-0.015503875968992276,0.0,-0.008797653958944274,0.008333333333333304,0.0
2019-02-23,NaN,NaN,NaN,NaN,NaN,NaN,NaN,NaN
2019-02-24,NaN,NaN,NaN,NaN,NaN,NaN,NaN,NaN
2019-02-25,0.0042417815482502785,-0.025956284153005438,-0.010070493454179208,-0.007874015748031482,0.0040000000000000036,-0.007396449704141994,0.0,0.002808988764045006
2019-02-26,-0.012671594508975703,-0.011220196353436185,0.0528992878942014,0.04365079365079372,0.007968127490039834,0.008941877794336861,0.012396694214876103,0.019607843137254832
2019-02-27,0.0,0.02411347517730489,0.01449275362318847,-0.01520912547528519,-0.0039525691699604515,-0.026587887740029514,0.05306122448979589,0.015109890109890056
2019-02-28,-0.03529411764705881,-0.023545706371191133,-0.014285714285714235,0.027027027027026973,-0.007936507936507908,-0.02427921092564489,-0.019379844961240345,-0.010825439783491153
2019-03-01,NaN,NaN,NaN,NaN,NaN,NaN,NaN,NaN
2019-03-02,NaN,NaN,NaN,NaN,NaN,NaN,NaN,NaN
2019-03-03,NaN,NaN,NaN,NaN,NaN,NaN,NaN,NaN
2019-03-04,-0.005543237250554278,0.0099290780141843,0.048309178743961345,0.03759398496240607,-0.01200000000000001,-0.009331259720062213,-0.035573122529644285,-0.030095759233926156
2019-03-05,-0.013377926421404673,0.001404494382022392,-0.018433179723502335,-0.018115942028985477,0.00809716599190291,0.0047095761381474865,-0.004098360655737654,-0.016925246826516194
2019-03-06,-0.005649717514124242,0.04347826086956519,-0.009389671361502372,0.014760147601476037,-0.008032128514056214,-0.0031250000000000444,0.024691358024691468,-0.010043041606886627
2019-03-07,0.010227272727272751,0.009408602150537737,-0.009478672985781977,0.0072727272727273196,0.0,-0.01253918495297801,0.008032128514056325,-0.008695652173912993
2019-03-08,-0.01462317210348707,-0.018641810918774926,0.028708133971291794,-0.03971119133574008,-0.01619433198380571,-0.01746031746031751,-0.043824701195219085,-0.016081871345029253
2019-03-09,NaN,NaN,NaN,NaN,NaN,NaN,NaN,NaN
2019-03-10,NaN,NaN,NaN,NaN,NaN,NaN,NaN,NaN
2019-03-11,-0.003424657534246589,0.02170963364993206,-0.013953488372092981,0.003759398496240518,0.008230452674897082,-0.003231017770597755,0.008333333333333304,0.007429420505200568
2019-03-12,0.02290950744558984,-0.01195219123505975,-0.02358490566037741,-0.022471910112359605,0.008163265306122547,0.01296596434359798,0.037190082644628086,0.020648967551622377
2019-03-13,-0.017917133258678608,0.02553763440860224,0.004830917874396157,0.0,0.0,0.011200000000000099,-0.0239043824701195,-0.007225433526011571
2019-03-14,0.0,0.01572739187418093,0.024038461538461453,0.003831417624521105,0.0,0.004746835443038,-0.02857142857142858,-0.010189228529839833
2019-03-15,0.007981755986316896,-0.003870967741935516,0.009389671361502261,-0.003816793893129722,0.02429149797570851,0.0031496062992126816,0.01680672268907557,-0.007352941176470562
2019-03-16,NaN,NaN,NaN,NaN,NaN,NaN,NaN,NaN
2019-03-17,NaN,NaN,NaN,NaN,NaN,NaN,NaN,NaN
2019-03-18,-0.011312217194570096,0.012953367875647714,0.0,0.011494252873563315,0.035573122529644285,0.01098901098901095,0.024793388429751984,0.028148148148148255
2019-03-19,0.004576659038901587,-0.026854219948849067,-0.046511627906976716,-0.011363636363636354,0.01526717557251911,-0.0031055900621117516,0.0,0.0
2019-03-20,0.003416856492027387,0.01708278580814726,-0.004878048780487809,-0.01532567049808431,-0.015037593984962405,-0.02024922118380057,0.0,0.004322766570605152
2019-03-21,0.04086265607264483,-0.04263565891472865,0.004901960784313708,-0.0038910505836575737,-0.01908396946564883,-0.014308426073131986,0.0040322580645162365,-0.0186513629842181
2019-03-22,0.01526717557251911,0.026990553306342813,0.014634146341463428,-0.0078125,-0.011673151750972721,-0.001612903225806428,-0.008032128514056214,0.00877192982456143
2019-03-23,NaN,NaN,NaN,NaN,NaN,NaN,NaN,NaN
2019-03-24,NaN,NaN,NaN,NaN,NaN,NaN,NaN,NaN
2019-03-25,-0.022556390977443663,-0.04073587385019706,-0.019230769230769273,-0.007874015748031482,-0.019685039370078705,-0.009693053311793265,-0.028340080971659964,-0.020289855072463725
2019-03-26,-0.005494505494505475,0.004109589041095818,0.019607843137254832,0.003968253968253954,-0.004016064257028162,0.004893964110929794,-0.012499999999999956,0.008875739644970349
2019-03-27,0.0022099447513812542,0.008185538881309684,-0.014423076923076872,-0.02766798418972327,0.0,0.0,0.0,0.014662756598240456
2019-03-28,-0.011025358324145529,-0.023004059539918797,0.0,-0.008130081300813052,-0.020161290322580627,-0.01948051948051943,0.00843881856540074,-0.00433526011560692
2019-03-29,-0.004459308807134854,0.040166204986149534,0.009756097560975618,0.016393442622950838,0.024691358024691468,0.0066225165562914245,0.0,0.026124818577648812
2019-03-30,NaN,NaN,NaN,NaN,NaN,NaN,NaN,NaN
2019-03-31,NaN,NaN,NaN,NaN,NaN,NaN,NaN,NaN
2019-04-01,0.008958566629339249,0.022636484687083902,-0.004830917874396157,0.0,0.016064257028112428,0.018092105263157965,0.008368200836819994,0.0028288543140029265
2019-04-02,0.015538290788013276,-0.01171875,0.004854368932038833,0.0040322580645162365,-0.0039525691699604515,-0.011308562197092087,-0.012448132780082943,-0.009873060648801113
2019-04-03,0.01857923497267766,0.007905138339920903,-0.009661835748792313,-0.02008032128514059,0.015873015873015817,0.031045751633986818,0.04201680672268915,0.03703703703703698
2019-04-04,0.007510729613734002,-0.0117647058823529,0.0,0.004098360655737654,0.0,-0.014263074484944571,-0.0040322580645161255,0.027472527472527375
2019-04-05,-0.0021299254526091493,0.002645502645502562,0.0,0.004081632653061273,-0.00390625,-0.001607717041800627,0.020242914979757165,0.008021390374331583
2019-04-06,NaN,NaN,NaN,NaN,NaN,NaN,NaN,NaN
2019-04-07,NaN,NaN,NaN,NaN,NaN,NaN,NaN,NaN
2019-04-08,-0.004268943436499417,0.0079155672823219,-0.004878048780487809,-0.012195121951219523,0.0039215686274509665,-0.0016103059581320522,0.015873015873015817,0.034482758620689724
2019-04-09,0.0,0.015706806282722585,-0.014705882352941124,0.0,0.00390625,-0.003225806451612856,-0.0078125,-0.0012820512820512775
2019-04-10,0.001071811361200492,-0.005154639175257714,0.01990049751243772,0.004115226337448652,-0.0038910505836575737,0.014563106796116498,0.003937007874015741,0.029525032092426295
2019-04-11,-0.009635974304068484,0.002590673575129543,0.0,-0.004098360655737654,-0.0234375,-0.009569377990430672,0.0039215686274509665,0.01122194513715713
2019-04-12,0.012972972972973063,-0.018087855297157618,0.0,-0.016460905349794275,0.016000000000000014,0.006441223832528209,-0.01171875,0.0012330456226881115
2019-04-13,NaN,NaN,NaN,NaN,NaN,NaN,NaN,NaN
2019-04-14,NaN,NaN,NaN,NaN,NaN,NaN,NaN,NaN
2019-04-15,0.004268943436499528,0.007894736842105177,0.07804878048780495,0.0,0.0,0.0351999999999999,-0.007905138339920903,0.0012315270935960854
2019-04-16,0.004250797024442088,0.016971279373368064,0.06334841628959276,0.0,0.011811023622047223,-0.015455950540958274,0.0239043824701195,0.02829028290282909
2019-04-17,-0.004232804232804255,-0.025673940949935803,0.0,0.0,-0.0038910505836575737,-0.006279434850863463,0.01945525291828787,0.011961722488038173
2019-04-18,-0.03081827842720508,-0.025032938076416378,-0.008510638297872353,-0.012552301255230103,-0.02734375,-0.023696682464455,0.022900763358778553,0.005910165484633634
2019-04-19,-0.006578947368421018,-0.0013513513513513375,0.0042918454935623185,0.0,-0.012048192771084376,0.008090614886731462,0.0,-0.001175088131609825
2019-04-20,NaN,NaN,NaN,NaN,NaN,NaN,NaN,NaN
2019-04-21,NaN,NaN,NaN,NaN,NaN,NaN,NaN,NaN
2019-04-22,0.001103752759381793,-0.005412719891745632,0.008547008547008517,0.0,-0.004065040650406471,0.006420545746388395,0.0,0.007058823529411784
2019-04-23,-0.003307607497243681,0.00952380952380949,-0.012711864406779627,0.021186440677966045,-0.008163265306122436,-0.012759170653907526,0.014925373134328401,0.008177570093457875
2019-04-24,-0.009955752212389424,-0.006738544474393482,0.012875536480686733,0.004149377593360981,-0.012345679012345734,-0.022617124394184174,0.018382352941176405,0.017381228273464666
2019-04-25,-0.0022346368715083775,0.04477611940298498,-0.016949152542372836,-0.004132231404958664,-0.008333333333333304,-0.0049586776859503745,-0.0036101083032491488,-0.03302961275626426
2019-04-26,0.004479283314669624,-0.02857142857142858,-0.008620689655172376,-0.020746887966805017,0.0,-0.004983388704318914,-0.018115942028985477,0.011778563015312216
2019-04-27,NaN,NaN,NaN,NaN,NaN,NaN,NaN,NaN
2019-04-28,NaN,NaN,NaN,NaN,NaN,NaN,NaN,NaN
2019-04-29,0.02898550724637672,0.014705882352941124,0.03913043478260869,0.016949152542372836,0.004201680672268893,0.01001669449081799,0.02583025830258312,0.0535506402793946
2019-04-30,-0.00650054171180936,-0.0013175230566534468,0.004184100418409997,-0.004166666666666652,0.0,-0.02148760330578514,-0.003597122302158251,0.0
2019-05-01,NaN,NaN,NaN,NaN,NaN,NaN,NaN,NaN
2019-05-02,0.0010905125408942062,0.013192612137203241,0.02499999999999991,0.02092050209205021,0.012552301255230214,-0.010135135135135087,0.0,-0.007734806629834279
2019-05-03,-0.013071895424836555,-0.0026041666666666297,0.04065040650406515,0.016393442622950838,-0.008264462809917328,-0.0068259385665528916,-0.0072202166064981865,-0.03563474387527843
2019-05-04,NaN,NaN,NaN,NaN,NaN,NaN,NaN,NaN
2019-05-05,NaN,NaN,NaN,NaN,NaN,NaN,NaN,NaN
2019-05-06,NaN,NaN,NaN,NaN,NaN,NaN,NaN,NaN
2019-05-07,-0.009933774834437137,0.005221932114882533,-0.00390625,0.0,-0.02083333333333337,-0.01718213058419249,-0.010909090909090868,0.023094688221708903
2019-05-08,-0.013377926421404673,-0.009090909090909038,0.007843137254901933,-0.0040322580645161255,-0.008510638297872353,0.005244755244755206,-0.003676470588235281,-0.006772009029345383
2019-05-09,-0.04067796610169494,-0.03931847968545221,-0.015564202334630295,-0.036437246963562764,-0.030042918454935674,-0.022608695652173938,-0.03321033210332103,-0.020454545454545503
2019-05-10,0.010600706713780994,-0.012278308321964526,0.027667984189723382,0.02941176470588225,-0.013274336283185861,0.001779359430605032,-0.007633587786259555,-0.01740139211136893
2019-05-11,NaN,NaN,NaN,NaN,NaN,NaN,NaN,NaN
2019-05-12,NaN,NaN,NaN,NaN,NaN,NaN,NaN,NaN
2019-05-13,-0.005827505827505797,-0.027624309392265234,-0.011538461538461497,0.0,-0.026905829596412523,-0.026642984014209614,-0.007692307692307665,0.0
2019-05-14,0.0,0.015625,0.04280155642023353,-0.004081632653061273,-0.018433179723502335,0.01642335766423364,-0.007751937984496138,0.0
2019-05-15,-0.0023446658851113966,0.013986013986013957,-0.014925373134328401,-0.016393442622950838,0.0046948356807512415,0.012567324955116588,0.0,-0.009445100354191216
2019-05-16,-0.023501762632197387,-0.020689655172413834,0.011363636363636465,-0.008333333333333304,-0.01869158878504673,-0.02659574468085102,-0.00390625,0.009535160905840279
2019-05-17,-0.008423586040914532,-0.0014084507042253502,-0.0674157303370787,0.01680672268907557,-0.014285714285714235,-0.025500910746812377,-0.015686274509803977,-0.008264462809917328
2019-05-18,NaN,NaN,NaN,NaN,NaN,NaN,NaN,NaN
2019-05-19,NaN,NaN,NaN,NaN,NaN,NaN,NaN,NaN
2019-05-20,0.01941747572815533,-0.005641748942172065,0.016064257028112428,-0.02066115702479343,0.0,-0.01121495327102806,0.027888446215139417,0.015476190476190421
2019-05-21,0.027380952380952284,0.03404255319148941,-0.011857707509881465,-0.03375527426160341,0.004830917874396157,0.003780718336483968,-0.015503875968992276,-0.03165298944900352
2019-05-22,0.008111239860950192,0.00274348422496562,0.0040000000000000036,-0.013100436681222738,-0.028846153846153855,0.0018832391713747842,0.0,-0.003631961259079941
2019-05-23,0.008045977011494232,0.030095759233926156,-0.01195219123505975,0.0,-0.00990099009900991,-0.016917293233082664,0.003937007874015741,-0.008505467800729027
2019-05-24,-0.026225769669327215,0.013280212483399723,0.0,0.004424778761061843,0.004999999999999893,-0.01147227533460804,0.0235294117647058,0.007352941176470562
2019-05-25,NaN,NaN,NaN,NaN,NaN,NaN,NaN,NaN
2019-05-26,NaN,NaN,NaN,NaN,NaN,NaN,NaN,NaN
2019-05-27,-0.0011709601873536313,0.003931847968545288,-0.016129032258064502,-0.026431718061673992,0.0,0.0,0.034482758620689724,0.01338199513381988
2019-05-28,-0.0023446658851113966,0.011749347258485532,0.008196721311475308,-0.018099547511312264,0.004975124378109541,-0.0019342359767892114,0.011111111111111072,-0.01800720288115243
2019-05-29,-0.01762632197414804,-0.006451612903225823,-0.012195121951219523,0.009216589861751112,-0.004950495049504955,-0.01744186046511631,-0.01831501831501836,0.0
2019-05-30,0.017942583732057482,0.018181818181818077,0.024691358024691468,0.022831050228310446,0.0,0.0019723865877712132,0.011194029850746245,0.007334963325183352
2019-05-31,-0.001175088131609825,0.0025510204081633514,0.0,-0.004464285714285698,0.00995024875621886,0.0059055118110236116,-0.0073800738007380184,-0.04490291262135926
2019-06-01,NaN,NaN,NaN,NaN,NaN,NaN,NaN,NaN
2019-06-02,NaN,NaN,NaN,NaN,NaN,NaN,NaN,NaN
2019-06-03,0.030588235294117583,0.03053435114503822,-0.016064257028112428,0.03139013452914807,0.0,0.02544031311154593,0.029739776951672958,0.003811944091486552
2019-06-04,-0.007990867579908634,-0.029629629629629672,-0.024489795918367308,-0.034782608695652195,-0.014778325123152691,-0.001908396946564861,0.0036101083032491488,0.026582278481012578
2019-06-05,0.010356731875719172,-0.012722646310432517,0.008368200836819994,-0.0045045045045044585,0.014999999999999902,-0.003824091778202643,0.014388489208633004,0.027127003699136898
2019-06-06,NaN,NaN,NaN,NaN,NaN,NaN,NaN,NaN
2019-06-07,0.006833712984054774,0.009020618556700999,-0.004149377593360981,0.004524886877828038,-0.0049261083743842304,-0.009596928982725572,-0.007092198581560294,-0.01200480192076836
2019-06-08,NaN,NaN,NaN,NaN,NaN,NaN,NaN,NaN
2019-06-09,NaN,NaN,NaN,NaN,NaN,NaN,NaN,NaN
2019-06-10,0.013574660633484115,-0.005108556832694733,0.03333333333333344,0.027027027027026973,0.014851485148514865,0.01744186046511631,0.021428571428571352,0.044957472660996256
2019-06-11,0.0011160714285713969,0.060333761232349126,0.0040322580645162365,-0.00877192982456143,0.009756097560975618,0.01904761904761898,0.0034965034965035446,-0.0046511627906976605
2019-06-12,-0.005574136008918651,-0.007263922518159771,-0.004016064257028162,0.008849557522123908,0.0,0.0,-0.017421602787456414,0.0
2019-06-13,-0.01905829596412556,-0.0012195121951219523,0.02016129032258074,-0.00877192982456143,-0.009661835748792313,0.01121495327102795,0.0,-0.029205607476635476
2019-06-14,0.005714285714285783,-0.0146520146520146,-0.011857707509881465,-0.013274336283185861,0.0,-0.011090573012939031,-0.0035460992907800915,0.014440433212996373
2019-06-15,NaN,NaN,NaN,NaN,NaN,NaN,NaN,NaN
2019-06-16,NaN,NaN,NaN,NaN,NaN,NaN,NaN,NaN
2019-06-17,-0.002272727272727315,0.0,-0.028000000000000025,-0.008968609865470878,0.004878048780487809,0.007476635514018781,-0.003558718861209953,0.004744958481613271
2019-06-18,0.010250569476081939,0.0074349442379182396,-0.004115226337448541,-0.013574660633484115,-0.004854368932038833,-0.0018552875695733162,0.0071428571428571175,0.015348288075560879
2019-06-19,0.022547914317925688,-0.006150061500615034,0.008264462809917328,0.00917431192660545,0.009756097560975618,0.013011152416356975,-0.007092198581560294,-0.015116279069767424
2019-06-20,0.00330760749724357,-0.003712871287128716,0.0,0.013636363636363669,0.0,-0.0055045871559632475,0.0035714285714285587,0.0011806375442739991
2019-06-21,0.00439560439560438,-0.001242236024844745,0.03688524590163933,0.013452914798206317,-0.004830917874396157,-0.014760147601476037,0.0,-0.001179245283018826
2019-06-22,NaN,NaN,NaN,NaN,NaN,NaN,NaN,NaN
2019-06-23,NaN,NaN,NaN,NaN,NaN,NaN,NaN,NaN
2019-06-24,-0.004376367614879695,0.011194029850746245,-0.0039525691699604515,0.004424778761061843,-0.004854368932038833,0.0037453183520599342,0.014234875444839812,0.024793388429751984
2019-06-25,0.00219780219780219,-0.012300123001230068,0.03571428571428581,0.008810572687224738,0.004878048780487809,-0.014925373134328401,-0.007017543859649145,0.0023041474654377225
2019-06-26,0.002192982456140413,-0.012453300124533051,-0.007662835249042099,0.008733624454148492,-0.009708737864077666,0.015151515151515138,0.0,0.0034482758620688614
2019-06-27,0.017505470459518557,0.0050441361916770955,0.015444015444015413,-0.0043290043290042934,-0.009803921568627416,0.005597014925373234,-0.007067137809187329,0.004581901489117968
2019-06-28,0.010752688172043001,-0.005018820577164407,0.0,-0.008695652173912993,0.0,-0.00927643784786647,-0.003558718861209953,0.003420752565564511
2019-06-29,NaN,NaN,NaN,NaN,NaN,NaN,NaN,NaN
2019-06-30,NaN,NaN,NaN,NaN,NaN,NaN,NaN,NaN
2019-07-01,-0.008510638297872353,-0.032786885245901676,-0.01520912547528519,0.004385964912280604,0.0,0.011235955056179803,0.0071428571428571175,-0.025000000000000022
2019-07-02,-0.007510729613733891,0.009126466753585305,0.015444015444015413,0.004366812227074135,0.0,0.0037037037037037646,-0.028368794326241176,0.0011655011655011815
2019-07-03,-0.018378378378378413,-0.014211886304909549,-0.0038022813688213253,0.021739130434782705,-0.00990099009900991,-0.016605166051660514,-0.007299270072992692,-0.030267753201396963
2019-07-04,0.013215859030837107,0.003931847968545288,0.011450381679389388,0.004255319148936065,-0.0050000000000000044,0.016885553470919357,0.022058823529411686,0.02400960384153672
2019-07-05,-0.007608695652173925,-0.052219321148825104,0.007547169811320753,0.025423728813559254,0.005025125628140614,0.011070110701107083,0.017985611510791477,0.017584994138335253
2019-07-06,NaN,NaN,NaN,NaN,NaN,NaN,NaN,NaN
2019-07-07,NaN,NaN,NaN,NaN,NaN,NaN,NaN,NaN
2019-07-08,-0.027382256297918905,-0.015151515151515138,-0.041198501872659166,-0.02066115702479343,-0.02100000000000002,-0.025547445255474477,-0.021201413427561877,-0.003456221198156695
2019-07-09,0.015765765765765716,-0.012587412587412583,0.0234375,-0.025316455696202556,-0.024514811031664974,-0.02059925093632964,-0.0072202166064981865,0.0023121387283238093
2019-07-10,0.009977827050997812,0.0,0.0,0.0,-0.004188481675392652,-0.009560229445506718,-0.0036363636363636598,-0.009227220299884653
2019-07-11,0.014270032930845167,0.0,-0.003816793893129722,0.01298701298701288,0.024185068349106276,0.0019305019305020377,0.014598540145985384,-0.002328288707799775
2019-07-12,0.0021645021645022577,0.0028328611898016387,0.00766283524904221,0.0,0.010266940451745477,0.003853564547206201,0.003597122302158251,0.003500583430571691
2019-07-13,NaN,NaN,NaN,NaN,NaN,NaN,NaN,NaN
2019-07-14,NaN,NaN,NaN,NaN,NaN,NaN,NaN,NaN
2019-07-15,0.003239740820734305,-0.007062146892655385,0.011406844106463865,0.008547008547008517,-0.013211382113821113,-0.0019193857965451588,-0.010752688172043001,-0.0023255813953488857
2019-07-16,0.008611410118406937,-0.004267425320056861,0.0,0.016949152542372836,0.012358393408856916,-0.005769230769230749,-0.036231884057971064,-0.018648018648018683
2019-07-17,-0.01707577374599789,0.01571428571428579,-0.015037593984962405,-0.008333333333333304,-0.011190233977619535,-0.007736943907156624,0.003759398496240518,0.013064133016627011
2019-07-18,0.0010857763300760048,-0.02812939521800284,0.003816793893129722,0.012605042016806678,-0.015432098765432056,-0.01754385964912286,0.0037453183520599342,0.010550996483001063
2019-07-19,0.015184381778741818,0.02170767004341534,0.026615969581748944,0.016597510373443924,0.024033437826541215,0.025793650793650702,0.003731343283582156,0.004640371229698292
2019-07-20,NaN,NaN,NaN,NaN,NaN,NaN,NaN,NaN
2019-07-21,NaN,NaN,NaN,NaN,NaN,NaN,NaN,NaN
2019-07-22,0.008547008547008517,0.0014164305949009304,-0.007407407407407418,-0.01224489795918371,-0.01224489795918371,-0.005802707930367523,-0.01115241635687736,-0.010392609699769073
2019-07-23,0.0021186440677967155,0.0014144271570013522,0.014925373134328401,0.012396694214876103,0.017561983471074294,0.009727626459143934,-0.007518796992481258,-0.005834305717619559
2019-07-24,-0.019027484143763207,-0.011299435028248594,0.0,0.008163265306122547,-0.014213197969543123,-0.017341040462427793,0.0037878787878788955,0.030516431924882736
2019-07-25,0.01724137931034475,-0.004285714285714337,-0.03676470588235292,0.08502024291497978,-0.010298661174047319,-0.02352941176470591,-0.007547169811320753,-0.011389521640091105
2019-07-26,-0.0010593220338983578,-0.015781922525107572,0.0,0.052238805970149294,0.0010405827263266776,-0.0381526104417671,-0.0076045627376425395,0.004608294930875667
2019-07-27,NaN,NaN,NaN,NaN,NaN,NaN,NaN,NaN
2019-07-28,NaN,NaN,NaN,NaN,NaN,NaN,NaN,NaN
2019-07-29,-0.022269353128313907,0.0,-0.01526717557251911,-0.01773049645390068,-0.022869022869022815,-0.02713987473903967,-0.019157088122605415,-0.017201834862385357
2019-07-30,0.009761388286334105,-0.01603498542274051,-0.023255813953488413,0.0,-0.005319148936170248,0.015021459227467782,0.0,0.023337222870478458
2019-07-31,-0.025778732545649885,-0.03259259259259262,0.007936507936507908,-0.0036101083032491488,-0.0032085561497325887,0.008456659619450413,-0.01171875,-0.0022805017103763037
2019-08-01,-0.003307607497243681,-0.018376722817764146,-0.003937007874015741,0.018115942028985588,-0.02145922746781115,-0.010482180293501009,-0.007905138339920903,-0.020571428571428574
2019-08-02,-0.00553097345132747,-0.007800312012480548,0.015810276679841806,0.01067615658362997,-0.023026315789473673,-0.01906779661016944,0.015936254980079667,-0.001166861143523934
2019-08-03,NaN,NaN,NaN,NaN,NaN,NaN,NaN,NaN
2019-08-04,NaN,NaN,NaN,NaN,NaN,NaN,NaN,NaN
2019-08-05,-0.022246941045606206,-0.03144654088050314,-0.046692607003890996,-0.028169014084507005,-0.032547699214365844,-0.036717062634989195,0.0,0.011682242990654235
2019-08-06,-0.010238907849829393,-0.022727272727272707,-0.004081632653061273,0.0036231884057971175,0.0011600928074246841,-0.015695067264574036,-0.0117647058823529,-0.038106235565819824
2019-08-07,-0.006896551724137945,-0.009966777408637828,0.012295081967213184,-0.0072202166064981865,-0.004634994206257237,-0.02277904328018221,0.007936507936507908,0.009603841536614643
2019-08-08,-0.01273148148148151,0.0,0.028340080971659853,0.018181818181818077,0.0034924330616996624,0.018648018648018683,0.023622047244094446,0.02378121284185486
2019-08-09,0.011723329425556761,0.011744966442952975,0.03937007874015741,0.017857142857142794,-0.06612529002320189,0.0022883295194509046,0.019230769230769162,0.009291521486643362
2019-08-10,NaN,NaN,NaN,NaN,NaN,NaN,NaN,NaN
2019-08-11,NaN,NaN,NaN,NaN,NaN,NaN,NaN,NaN
2019-08-12,0.012746234067207318,0.0033167495854062867,-0.015151515151515138,-0.01403508771929829,-0.017391304347826098,-0.0091324200913242,-0.01132075471698113,0.0069044879171460405
2019-08-13,-0.016018306636155555,-0.011570247933884281,0.011538461538461497,0.014234875444839812,-0.027812895069532217,0.009216589861751112,-0.01526717557251911,0.0
2019-08-14,0.016279069767441756,0.0050167224080268635,-0.0076045627376425395,-0.024561403508771895,0.0039011703511053764,0.009132420091324311,-0.011627906976744207,-0.0022857142857143353
2019-08-15,NaN,NaN,NaN,NaN,NaN,NaN,NaN,NaN
2019-08-16,0.004576659038901587,-0.0033277870216306127,-0.007662835249042099,0.003597122302158251,-0.0038860103626943143,-0.02488687782805432,0.0039215686274509665,-0.001145475372279492
2019-08-17,NaN,NaN,NaN,NaN,NaN,NaN,NaN,NaN
2019-08-18,NaN,NaN,NaN,NaN,NaN,NaN,NaN,NaN
2019-08-19,-0.006833712984054663,0.006677796327211993,0.007722007722007707,-0.0035842293906810374,0.02860858257477239,0.04872389791183296,0.0,-0.002293577981651418
2019-08-20,0.019495412844036775,0.008291873963515828,0.011494252873563315,0.046762589928057485,0.011378002528444897,0.008849557522123908,-0.01171875,-0.012643678160919491
2019-08-21,0.0011248593925758943,-0.00164473684210531,-0.0037878787878787845,0.013745704467353903,0.006250000000000089,0.010964912280701844,-0.007905138339920903,-0.005820721769499437
2019-08-22,-0.010112359550561778,-0.0016474464579900872,0.011406844106463865,0.003389830508474523,0.003726708074534235,0.021691973969631295,-0.01195219123505975,-0.01756440281030447
2019-08-23,-0.002270147559591429,0.0016501650165017256,0.0,0.0033783783783782884,-0.008663366336633671,0.00424628450106157,0.016129032258064502,0.009535160905840279
2019-08-24,NaN,NaN,NaN,NaN,NaN,NaN,NaN,NaN
2019-08-25,NaN,NaN,NaN,NaN,NaN,NaN,NaN,NaN
2019-08-26,-0.007963594994311762,-0.01976935749588138,-0.003759398496240629,-0.03367003367003363,-0.02621722846441943,-0.010570824524312905,-0.011904761904761862,-0.005903187721369552
2019-08-27,0.010321100917431103,-0.005042016806722671,0.01132075471698113,0.020905923344947785,0.0038461538461538325,-0.012820512820512775,0.004016064257028162,-0.0071258907363420665
2019-08-28,0.002270147559591429,0.01858108108108114,-0.003731343283582045,0.0,0.011494252873563315,0.030303030303030276,0.020000000000000018,0.02511961722488043
2019-08-29,-0.016987542468856143,-0.008291873963515717,-0.0037453183520599342,-0.010238907849829393,0.010101010101010166,0.01680672268907557,-0.007843137254901933,0.014002333722286986
2019-08-30,0.01382488479262678,0.025083612040133874,0.011278195488721776,0.010344827586206806,0.018750000000000044,0.012396694214876103,0.015810276679841806,0.005753739930955071
2019-08-31,NaN,NaN,NaN,NaN,NaN,NaN,NaN,NaN
2019-09-01,NaN,NaN,NaN,NaN,NaN,NaN,NaN,NaN
2019-09-02,-0.004545454545454519,0.0016313213703098572,0.018587360594795488,0.023890784982935065,-0.0024539877300613355,-0.0020408163265306367,0.01945525291828787,0.004576659038901587
2019-09-03,-0.01255707762557079,0.004885993485342022,0.0036496350364962904,0.0033333333333334103,-0.008610086100861003,0.002044989775051187,-0.01908396946564883,0.001138952164009055
2019-09-04,0.01965317919075149,0.006482982171799101,0.0072727272727273196,0.0033222591362125353,0.00992555831265518,0.0,0.0,-0.005688282138794132
2019-09-05,0.03628117913832196,0.0032206119162641045,-0.02527075812274371,-0.026490066225165587,0.002457002457002533,-0.008163265306122436,-0.0038910505836575737,-0.004576659038901587
2019-09-06,0.013129102844638973,-0.0048154093097912964,0.007407407407407307,0.017006802721088343,-0.01225490196078427,0.0,-0.00390625,0.0034482758620688614
2019-09-07,NaN,NaN,NaN,NaN,NaN,NaN,NaN,NaN
2019-09-08,NaN,NaN,NaN,NaN,NaN,NaN,NaN,NaN
2019-09-09,0.012958963282937441,-0.011290322580645107,-0.022058823529411797,0.02341137123745818,0.002481389578163684,0.02263374485596703,-0.0039215686274509665,-0.012600229095074411
2019-09-10,0.002132196162046851,0.05872756933115819,0.018796992481203034,-0.016339869281045805,0.007425742574257432,0.006036217303822866,0.007874015748031482,0.002320185614849146
2019-09-11,0.0031914893617022155,-0.006163328197226536,-0.01845018450184499,0.019933554817275656,0.0,0.010000000000000009,0.0078125,0.02083333333333326
2019-09-12,NaN,NaN,NaN,NaN,NaN,NaN,NaN,NaN
2019-09-13,NaN,NaN,NaN,NaN,NaN,NaN,NaN,NaN
2019-09-14,NaN,NaN,NaN,NaN,NaN,NaN,NaN,NaN
2019-09-15,NaN,NaN,NaN,NaN,NaN,NaN,NaN,NaN
2019-09-16,-0.0010604453870625141,0.02635658914728678,-0.007518796992481258,0.006514657980456029,0.03562653562653573,0.023762376237623783,-0.007751937984496138,-0.005668934240362855
2019-09-17,-0.00424628450106157,-0.009063444108761365,0.0,0.003236245954692629,0.0,0.003868471953578423,-0.015625,0.003420752565564511
2019-09-18,0.017057569296375252,0.007621951219512146,0.037878787878787845,0.02580645161290329,0.01542111506524324,0.0019267822736031004,0.011904761904761862,-0.003409090909090917
2019-09-19,0.03039832285115307,-0.013615733736762503,-0.010948905109489093,-0.009433962264150941,-0.017523364485981352,-0.011538461538461497,0.0117647058823529,-0.0068415051311288
2019-09-20,0.0010172939979653517,0.010736196319018454,0.0,-0.0031746031746031633,0.0,0.009727626459143934,0.003875968992248069,0.010332950631458004
2019-09-21,NaN,NaN,NaN,NaN,NaN,NaN,NaN,NaN
2019-09-22,NaN,NaN,NaN,NaN,NaN,NaN,NaN,NaN
2019-09-23,0.00203252032520318,-0.012139605462822445,-0.0073800738007380184,0.0,0.00356718192627814,-0.011560693641618491,0.027027027027026973,0.05454545454545445
2019-09-24,0.0040567951318457585,0.02611367127496167,0.026022304832713727,0.006369426751592355,0.0082938388625593,0.003898635477582957,0.007518796992481258,-0.007543103448275912
2019-09-25,-0.012121212121212088,-0.008982035928143728,-0.01449275362318836,0.0,-0.018801410105757976,-0.025242718446601975,0.003731343283582156,-0.004343105320304019
2019-09-26,0.006134969325153339,0.013595166163141936,0.003676470588235281,0.0,0.0059880239520957446,-0.0019920318725099584,-0.01115241635687736,-0.02071973827699014
2019-09-27,-0.016260162601625994,-0.005961251862891204,-0.0073260073260073,-0.012658227848101222,-0.015476190476190421,-0.015968063872255467,0.003759398496240518,0.010022271714922093
2019-09-28,NaN,NaN,NaN,NaN,NaN,NaN,NaN,NaN
2019-09-29,NaN,NaN,NaN,NaN,NaN,NaN,NaN,NaN
2019-09-30,0.013429752066115741,0.010494752623688264,0.0,0.0064102564102563875,-0.008464328899637219,0.024340770791074995,0.0037453183520599342,0.005512679162072764
2019-10-01,-0.004077471967380175,-0.013353115727002929,0.014760147601476037,0.019108280254777066,0.024390243902439046,-0.007920792079207928,-0.011194029850746245,-0.01206140350877194
2019-10-02,-0.025588536335721557,-0.003007518796992459,-0.014545454545454528,-0.018750000000000044,-0.02857142857142858,-0.03393213572854292,-0.030188679245283012,-0.01664816870144281
2019-10-03,NaN,NaN,NaN,NaN,NaN,NaN,NaN,NaN
2019-10-04,0.008403361344537785,0.0015082956259426794,-0.014760147601476037,-0.04140127388535031,-0.04656862745098034,0.0,-0.015564202334630295,-0.03498871331828446
2019-10-05,NaN,NaN,NaN,NaN,NaN,NaN,NaN,NaN
2019-10-06,NaN,NaN,NaN,NaN,NaN,NaN,NaN,NaN
2019-10-07,-0.00520833333333337,0.04518072289156616,0.0074906367041198685,0.01661129568106312,0.003856041131105492,-0.004132231404958664,0.011857707509881354,0.002339181286549641
2019-10-08,0.02408376963350789,-0.015850144092218965,0.0,0.0032679738562091387,0.015364916773367376,-0.0020746887966804906,0.01171875,0.02100350058343059
2019-10-09,NaN,NaN,NaN,NaN,NaN,NaN,NaN,NaN
2019-10-10,-0.007157464212678932,0.0,0.014869888475836479,0.0,-0.017654476670870167,-0.03118503118503113,-0.02316602316602312,-0.03314285714285714
2019-10-11,0.012358393408856916,0.007320644216691097,-0.01098901098901095,0.016286644951140072,0.025673940949935803,0.02145922746781115,-0.0039525691699604515,-0.008274231678486954
2019-10-12,NaN,NaN,NaN,NaN,NaN,NaN,NaN,NaN
2019-10-13,NaN,NaN,NaN,NaN,NaN,NaN,NaN,NaN
2019-10-14,0.01729399796541209,0.0014534883720929148,-0.0037037037037036535,0.0,0.027534418022528095,0.054621848739495826,-0.031746031746031744,-0.0274135876042908
2019-10-15,0.0020000000000000018,0.00870827285921627,-0.0037174721189591198,-0.028846153846153855,0.01218026796589533,-0.003984063745019917,0.0,-0.006127450980392135
2019-10-16,0.011976047904191711,0.011510791366906581,-0.014925373134328401,0.01980198019801982,0.010830324909747224,0.0020000000000000018,0.008196721311475308,0.020961775585696563
2019-10-17,-0.0039447731755424265,-0.02133712660028453,-0.011363636363636354,-0.009708737864077666,-0.008333333333333304,-0.0119760479041916,0.0,-0.018115942028985477
2019-10-18,-0.011881188118811892,0.0,0.015325670498084198,-0.016339869281045805,0.01680672268907557,0.004040404040404066,0.0,-0.0012300123001229846
2019-10-19,NaN,NaN,NaN,NaN,NaN,NaN,NaN,NaN
2019-10-20,NaN,NaN,NaN,NaN,NaN,NaN,NaN,NaN
2019-10-21,0.008016032064128265,0.0043604651162789665,0.007547169811320753,0.009966777408637828,0.0011806375442739991,0.002012072434607548,-0.008130081300813052,-0.0049261083743842304
2019-10-22,0.017892644135188762,0.004341534008682979,0.01872659176029967,0.013157894736842035,-0.01650943396226412,0.008032128514056325,0.0,0.004950495049504955
2019-10-23,0.0,-0.011527377521613813,0.02941176470588225,-0.009740259740259716,-0.013189448441247031,-0.031872509960159334,-0.008196721311475419,-0.0012315270935960854
2019-10-24,-0.009765625,0.005830903790087438,-0.0035714285714285587,0.003278688524590123,0.008505467800729027,0.004115226337448652,0.008264462809917328,0.020961775585696563
2019-10-25,0.0039447731755424265,-0.011594202898550732,0.0035842293906809264,-0.0032679738562091387,0.0036144578313253017,-0.014344262295082011,0.012295081967213184,0.006038647342995196
2019-10-26,NaN,NaN,NaN,NaN,NaN,NaN,NaN,NaN
2019-10-27,NaN,NaN,NaN,NaN,NaN,NaN,NaN,NaN
2019-10-28,0.007858546168958647,0.008797653958944274,0.0,0.029508196721311553,-0.01200480192076836,0.0020790020790020236,-0.01619433198380571,-0.013205282112845107
2019-10-29,-0.003898635477582846,0.0029069767441860517,-0.0035714285714285587,-0.02547770700636942,0.0060753341433779084,-0.012448132780082943,0.008230452674897082,0.038929440389294356
2019-10-30,-0.013698630136986356,-0.007246376811594235,-0.010752688172043001,0.009803921568627416,-0.01449275362318836,-0.010504201680672232,0.0,-0.00936768149882905
2019-10-31,0.0,-0.023357664233576658,0.0253623188405796,0.06148867313915862,0.009803921568627416,0.00849256900212314,-0.004081632653061273,0.005910165484633634
2019-11-01,0.015873015873015817,0.004484304932735439,0.028268551236749095,0.018292682926829285,0.031553398058252524,0.006315789473684275,0.016393442622950838,-0.001175088131609825
2019-11-02,NaN,NaN,NaN,NaN,NaN,NaN,NaN,NaN
2019-11-03,NaN,NaN,NaN,NaN,NaN,NaN,NaN,NaN
2019-11-04,0.021484375,-0.0014880952380952328,0.0068728522336769515,-0.014970059880239472,0.049411764705882266,0.027196652719665204,0.0,0.0
2019-11-05,0.007648183556405286,0.017883755588673722,0.013651877133105783,-0.018237082066869248,0.032511210762331766,0.0020366598778003286,0.008064516129032251,0.007058823529411784
2019-11-06,0.011385199240986799,0.005856515373352744,0.01683501683501687,0.0,-0.006514657980456029,0.0,-0.01200000000000001,-0.002336448598130869
2019-11-07,-0.007504690431519689,0.005822416302765587,0.0,0.024767801857585203,0.004371584699453646,0.012195121951219523,0.0,0.012880562060889833
2019-11-08,-0.015122873345935761,0.004341534008682979,0.0066225165562914245,-0.012084592145015116,-0.009793253536452662,-0.002008032128514081,0.004048582995951344,-0.003468208092485603
2019-11-09,NaN,NaN,NaN,NaN,NaN,NaN,NaN,NaN
2019-11-10,NaN,NaN,NaN,NaN,NaN,NaN,NaN,NaN
2019-11-11,-0.009596928982725572,-0.0014409221902017544,0.013157894736842035,-0.003058103975535187,-0.01318681318681314,-0.012072434607645843,-0.0040322580645161255,-0.0034802784222738303
2019-11-12,0.019379844961240345,-0.0043290043290042934,-0.0032467532467532756,-0.006134969325153339,0.04565701559020052,0.016293279022403295,0.0161943319838056,0.017462165308498312
2019-11-13,-0.0019011406844106071,-0.0028985507246376274,0.0,-0.024691358024691357,-0.020234291799786974,0.008016032064128265,-0.007968127490039834,-0.020594965675057253
2019-11-14,NaN,NaN,NaN,NaN,NaN,NaN,NaN,NaN
2019-11-15,0.02285714285714291,0.024709302325581328,0.013029315960912058,0.09810126582278489,0.010869565217391353,0.03976143141153088,0.008032128514056325,0.01869158878504673
2019-11-16,NaN,NaN,NaN,NaN,NaN,NaN,NaN,NaN
2019-11-17,NaN,NaN,NaN,NaN,NaN,NaN,NaN,NaN
2019-11-18,-0.003724394785847296,0.014184397163120588,0.012861736334405238,0.028818443804034644,0.008602150537634357,0.005736137667303964,0.003984063745019917,0.002293577981651307
2019-11-19,0.0,0.005594405594405494,-0.006349206349206327,-0.0448179271708683,-0.013859275053304865,-0.013307984790874472,-0.007936507936507908,-0.004576659038901587
2019-11-20,-0.028037383177570097,-0.013908205841446475,0.0,-0.0058651026392961825,-0.00216216216216214,-0.021194605009633882,-0.0040000000000000036,0.005747126436781658
2019-11-21,-0.019230769230769273,-0.007052186177715081,-0.015974440894568676,0.002949852507374562,-0.01950162513542797,-0.009842519685039353,0.0,-0.0011428571428571122
2019-11-22,0.0117647058823529,-0.0042613636363636465,-0.00649350649350644,-0.014705882352941124,0.024309392265193353,-0.011928429423459286,-0.008032128514056214,0.011441647597254079
2019-11-23,NaN,NaN,NaN,NaN,NaN,NaN,NaN,NaN
2019-11-24,NaN,NaN,NaN,NaN,NaN,NaN,NaN,NaN
2019-11-25,0.003875968992248069,0.01854493580599148,0.02287581699346397,0.0388059701492538,0.01833872707659112,0.02213279678068414,0.012145748987854255,0.011312217194570096
2019-11-26,0.0,-0.007002801120448154,0.006389776357827559,-0.005747126436781658,0.008474576271186418,0.0,-0.020000000000000018,-0.016778523489932917
2019-11-27,0.007722007722007707,0.008462623413258097,0.0,-0.0028901734104046506,-0.008403361344537785,-0.011811023622047223,0.008163265306122547,0.0034129692832765013
2019-11-28,-0.017241379310344862,-0.006993006993006978,-0.0031746031746031633,0.0028985507246377384,-0.006355932203389814,-0.0019920318725099584,0.004048582995951344,0.010204081632652962
2019-11-29,-0.01949317738791423,-0.015492957746478853,-0.009554140127388533,-0.005780346820809301,-0.018123667377398678,-0.019960079840319334,-0.024193548387096753,-0.029180695847362492
2019-11-30,NaN,NaN,NaN,NaN,NaN,NaN,NaN,NaN
2019-12-01,NaN,NaN,NaN,NaN,NaN,NaN,NaN,NaN
2019-12-02,0.001988071570576455,0.005722460658083017,0.006430868167202508,-0.0029069767441860517,0.018458197611292082,0.010183299389002087,0.004132231404958775,-0.01387283236994219
2019-12-03,-0.009920634920634885,0.002844950213371167,0.0031948881789136685,0.00291545189504383,-0.014925373134328401,-0.01008064516129037,0.0,0.008206330597889888
2019-12-04,-0.009018036072144242,-0.007092198581560294,-0.006369426751592355,0.014534883720930258,-0.011904761904761862,-0.02647657841140527,0.004115226337448652,-0.0011627906976744429
2019-12-05,0.0010111223458038054,0.0,-0.04166666666666663,-0.022922636103151817,-0.014238773274917849,0.006276150627614996,-0.032786885245901676,0.0186263096623982
2019-12-06,0.018181818181818077,0.0028571428571428914,0.026755852842809347,0.02052785923753664,0.008888888888888946,0.006237006237006293,0.004237288135593209,0.0011428571428571122
2019-12-07,NaN,NaN,NaN,NaN,NaN,NaN,NaN,NaN
2019-12-08,NaN,NaN,NaN,NaN,NaN,NaN,NaN,NaN
2019-12-09,0.015873015873015817,-0.015669515669515688,-0.013029315960912058,0.005747126436781658,0.0,-0.010330578512396715,0.00843881856540074,-0.010273972602739767
2019-12-10,0.005859375,0.03039073806078152,-0.01320132013201325,-0.0028571428571428914,0.05616740088105732,-0.0020876826722338038,0.004184100418409997,0.016147635524798254
2019-12-11,0.007766990291262044,0.0,0.0033444816053511683,-0.002865329512893977,0.0010427528675704956,0.008368200836819994,-0.008333333333333304,0.004540295119182858
2019-12-12,0.026974951830443183,0.0070224719101124045,-0.0033333333333332993,0.008620689655172376,0.0,0.012448132780082943,0.008403361344537785,0.016949152542372836
2019-12-13,0.026266416510319024,0.0069735006973501434,0.010033444816053505,0.0,0.0031250000000000444,0.028688524590164022,0.008333333333333304,-0.012222222222222245
2019-12-14,NaN,NaN,NaN,NaN,NaN,NaN,NaN,NaN
2019-12-15,NaN,NaN,NaN,NaN,NaN,NaN,NaN,NaN
2019-12-16,0.0,-0.0027700831024930483,0.0033112582781456013,0.02279202279202286,-0.006230529595015577,0.0,-0.016528925619834656,0.0
2019-12-17,0.03656307129798897,0.005555555555555536,-0.0066006600660065695,0.0055710306406684396,0.012539184952978122,0.003984063745019917,0.025210084033613356,0.004499437570303799
2019-12-18,-0.007054673721340388,0.0013812154696133394,0.0033222591362125353,-0.011080332409972304,-0.02063983488132093,-0.005952380952380931,0.008196721311475308,0.013437849944008873
2019-12-19,-0.005328596802841923,0.0,-0.0066225165562914245,0.0028011204481792618,0.011591148577450028,0.009980039920159722,0.004065040650406582,-0.012154696132596676
2019-12-20,0.0,0.0,0.0,0.025139664804469275,0.0031250000000000444,-0.0019762845849802257,0.004048582995951344,0.0
2019-12-21,NaN,NaN,NaN,NaN,NaN,NaN,NaN,NaN
2019-12-22,NaN,NaN,NaN,NaN,NaN,NaN,NaN,NaN
2019-12-23,-0.008928571428571397,0.0,-0.010000000000000009,0.0027247956403269047,0.0020768431983384517,0.0,-0.012096774193548376,0.0011185682326622093
2019-12-24,-0.009009009009009028,-0.008275862068965467,-0.013468013468013518,-0.010869565217391353,-0.005181347150259086,0.003960396039603964,-0.004081632653061273,-0.0011173184357542443
2019-12-25,NaN,NaN,NaN,NaN,NaN,NaN,NaN,NaN
2019-12-26,0.0072727272727273196,-0.008344923504867818,0.010238907849829282,-0.008241758241758212,0.01041666666666674,0.009861932938856066,0.004098360655737654,0.008948545861297452
2019-12-27,0.019855595667870096,0.007012622720897532,0.03716216216216206,0.016620498614958512,-0.006185567010309256,-0.013671875,-0.01632653061224487,-0.016629711751662946
2019-12-28,NaN,NaN,NaN,NaN,NaN,NaN,NaN,NaN
2019-12-29,NaN,NaN,NaN,NaN,NaN,NaN,NaN,NaN
2019-12-30,-0.012389380530973493,0.00417827298050133,0.0,0.016348773841961872,0.0020746887966804906,-0.00990099009900991,0.0,-0.0011273957158962622
2019-12-31,NaN,NaN,NaN,NaN,NaN,NaN,NaN,NaN
2020-01-01,NaN,NaN,NaN,NaN,NaN,NaN,NaN,NaN
2020-01-02,-0.010752688172043001,-0.015256588072122046,-0.006514657980456029,-0.02144772117962468,-0.02898550724637683,-0.026000000000000023,-0.020746887966805017,-0.040632054176072185
2020-01-03,0.005434782608695565,0.0014084507042253502,0.0,-0.005479452054794498,-0.01279317697228144,0.008213552361396204,-0.016949152542372836,-0.0117647058823529
2020-01-04,NaN,NaN,NaN,NaN,NaN,NaN,NaN,NaN
2020-01-05,NaN,NaN,NaN,NaN,NaN,NaN,NaN,NaN
2020-01-06,0.0,-0.016877637130801704,0.013114754098360715,-0.0055096418732781816,-0.024838012958963263,-0.04276985743380857,0.0,-0.0023809523809523725
2020-01-07,0.00540540540540535,0.005722460658083017,0.03559870550161803,0.03601108033241007,0.008859357696566983,0.006382978723404209,-0.004310344827586188,0.0035799522673030104
2020-01-08,0.017921146953405076,-0.03982930298719778,-0.0031250000000000444,-0.021390374331550777,-0.002195389681668547,-0.04862579281183932,-0.030303030303030276,-0.017835909631391256
2020-01-09,0.03169014084507049,-0.013333333333333308,0.028213166144200663,0.016393442622950838,-0.005500550055005493,0.0022222222222221255,-0.004464285714285698,-0.013317191283293006
2020-01-10,0.015358361774743923,0.0030030030030030463,0.0060975609756097615,0.010752688172043001,-0.0022123893805309214,0.0044345898004434225,0.017937219730941756,-0.008588957055214674
2020-01-11,NaN,NaN,NaN,NaN,NaN,NaN,NaN,NaN
2020-01-12,NaN,NaN,NaN,NaN,NaN,NaN,NaN,NaN
2020-01-13,0.008403361344537785,-0.0029940119760478723,0.0121212121212122,0.0,0.011086474501108556,0.011037527593819041,0.013215859030837107,0.0012376237623761277
2020-01-14,0.0,0.02552552552552556,0.0,0.013297872340425565,0.009868421052631637,0.028384279475982543,0.008695652173912993,0.017305315203955507
2020-01-15,-0.01666666666666672,0.019033674963396807,0.017964071856287456,0.005249343832020914,0.0032573289902280145,0.010615711252653925,-0.008620689655172376,0.0012150668286756705
2020-01-16,0.028813559322034,0.004310344827586299,0.008823529411764675,0.0,0.0021645021645022577,-0.004201680672268893,0.0304347826086957,-0.0012135922330097637
2020-01-17,0.009884678747940745,-0.010014306151645225,-0.017492711370262426,-0.0026109660574412663,-0.002159827213822907,-0.00421940928270037,0.0,0.0060753341433779084
2020-01-18,NaN,NaN,NaN,NaN,NaN,NaN,NaN,NaN
2020-01-19,NaN,NaN,NaN,NaN,NaN,NaN,NaN,NaN
2020-01-20,0.01794453507340954,0.028901734104046284,0.0,-0.01832460732984298,-0.00649350649350644,0.0,-0.00421940928270037,0.004830917874396157
2020-01-21,-0.01602564102564108,-0.015449438202247201,-0.020771513353115778,-0.029333333333333322,-0.0032679738562091387,0.008474576271186418,-0.008474576271186418,0.0
2020-01-22,0.014657980456026065,0.004279600570613384,0.0060606060606061,0.0219780219780219,0.0,-0.0021008403361344463,0.08547008547008539,0.024038461538461453
2020-01-23,-0.024077046548956704,-0.019886363636363646,-0.003012048192771122,-0.016129032258064502,-0.016393442622950838,-0.010526315789473717,0.027559055118110187,0.018779342723004744
2020-01-24,NaN,NaN,NaN,NaN,NaN,NaN,NaN,NaN
2020-01-25,NaN,NaN,NaN,NaN,NaN,NaN,NaN,NaN
2020-01-26,NaN,NaN,NaN,NaN,NaN,NaN,NaN,NaN
2020-01-27,NaN,NaN,NaN,NaN,NaN,NaN,NaN,NaN
2020-01-28,-0.03289473684210531,-0.02753623188405796,-0.01812688821752262,-0.024590163934426257,-0.04222222222222227,-0.051063829787234005,0.003831417624521105,-0.016129032258064502
2020-01-29,0.005102040816326481,0.0014903129657228842,0.006153846153846176,0.008403361344537785,-0.01740139211136893,0.013452914798206317,0.0,-0.003512880562060894
2020-01-30,-0.032148900169204686,0.0,-0.00917431192660545,0.0,-0.00708382526564344,-0.008849557522123908,-0.026717557251908386,-0.014101057579318454
2020-01-31,-0.013986013986013957,-0.019345238095238138,-0.01851851851851849,-0.002777777777777768,-0.015457788347205681,-0.029017857142857095,-0.019607843137254943,-0.02502979737783073
2020-02-01,NaN,NaN,NaN,NaN,NaN,NaN,NaN,NaN
2020-02-02,NaN,NaN,NaN,NaN,NaN,NaN,NaN,NaN
2020-02-03,0.014184397163120588,-0.015174506828528056,0.003144654088050425,-0.011142061281337101,-0.009661835748792313,-0.016091954022988464,-0.01200000000000001,-0.019559902200488977
2020-02-04,0.029720279720279796,0.0030816640986133237,0.03134796238244508,0.016901408450704203,0.03292682926829271,0.028037383177569986,0.004048582995951344,0.0037406483790523026
2020-02-05,0.01018675721561979,0.001536098310291889,-0.00911854103343468,0.005540166204986097,-0.008264462809917328,0.0,0.0,-0.02111801242236022
2020-02-06,0.026890756302520913,0.024539877300613577,0.018404907975460016,0.0,0.023809523809523725,0.050000000000000044,0.06451612903225801,0.048223350253807196
2020-02-07,-0.011456628477905073,0.007485029940119681,0.009036144578313143,0.019283746556473913,-0.0034883720930232176,-0.0021645021645021467,-0.007575757575757569,-0.01937046004842613
2020-02-08,NaN,NaN,NaN,NaN,NaN,NaN,NaN,NaN
2020-02-09,NaN,NaN,NaN,NaN,NaN,NaN,NaN,NaN
2020-02-10,-0.011589403973509937,-0.004457652303120341,0.008955223880596996,-0.008108108108108136,-0.014002333722287097,-0.002169197396963085,-0.007633587786259555,0.0037037037037037646
2020-02-11,0.003350083752093891,0.0029850746268655914,0.00591715976331364,0.005449591280654031,0.004733727810650956,0.0,0.019230769230769162,0.017220172201722006
2020-02-12,0.01001669449081799,0.01041666666666674,0.0117647058823529,0.0027100271002709064,0.04004711425206131,0.017391304347825987,0.026415094339622636,0.007255139056831839
2020-02-13,0.0033057851239668423,-0.01178203240058906,0.04069767441860472,-0.002702702702702675,0.08040770101925254,-0.010683760683760646,-0.022058823529411797,-0.009603841536614643
2020-02-14,0.01812191103789118,-0.0014903129657227732,0.005586592178770999,0.01084010840108407,0.0010482180293500676,-0.010799136069114423,0.003759398496240518,0.00969696969696976
2020-02-15,NaN,NaN,NaN,NaN,NaN,NaN,NaN,NaN
2020-02-16,NaN,NaN,NaN,NaN,NaN,NaN,NaN,NaN
2020-02-17,-0.004854368932038833,0.0,0.002777777777777768,0.01072386058981234,0.0010471204188482464,0.0,0.014981273408239737,-0.004801920768307322
2020-02-18,-0.027642276422764178,0.028358208955223896,0.008310249307479145,-0.010610079575596787,-0.013598326359832602,-0.013100436681222738,-0.022140221402214055,-0.0024125452352231624
2020-02-19,0.006688963210702337,-0.0014513788098693414,0.04395604395604402,0.01608579088471851,-0.009544008483563071,-0.015486725663716783,-0.007547169811320753,-0.0012091898428052694
2020-02-20,-0.0033222591362126463,-0.023255813953488413,0.002631578947368318,0.0026385224274405594,-0.0064239828693790635,-0.013483146067415741,-0.011406844106463865,-0.018159806295399483
2020-02-21,-0.013333333333333308,-0.016369047619047672,-0.005249343832021025,-0.0026315789473684292,-0.03556034482758619,-0.02733485193621865,-0.01538461538461533,-0.012330456226880449
2020-02-22,NaN,NaN,NaN,NaN,NaN,NaN,NaN,NaN
2020-02-23,NaN,NaN,NaN,NaN,NaN,NaN,NaN,NaN
2020-02-24,-0.04054054054054057,-0.04236006051437213,-0.0316622691292876,-0.02902374670184693,-0.040223463687150796,-0.04683840749414525,-0.04296875,-0.03620474406991259
2020-02-25,0.01936619718309851,-0.004739336492891044,0.01089918256130784,0.03532608695652173,0.0011641443538998875,0.017199017199017286,0.0,-0.011658031088082943
2020-02-26,-0.024179620034542326,0.004761904761904745,-0.008086253369272267,-0.018372703412073532,-0.013953488372092981,-0.019323671497584516,0.0,0.0
2020-02-27,-0.010619469026548645,-0.014218009478673022,-0.029891304347826053,-0.0267379679144385,-0.008254716981132115,0.0049261083743843415,-0.01224489795918371,-0.011795543905635641
2020-02-28,-0.030411449016100156,-0.03205128205128205,-0.036414565826330514,-0.04395604395604391,-0.0428061831153389,-0.01715686274509809,-0.04958677685950408,-0.038461538461538436
2020-02-29,NaN,NaN,NaN,NaN,NaN,NaN,NaN,NaN
2020-03-01,NaN,NaN,NaN,NaN,NaN,NaN,NaN,NaN
2020-03-02,0.014760147601476037,-0.004966887417218513,0.01744186046511631,0.005747126436781658,-0.013664596273291973,-0.004987531172069848,-0.013043478260869601,-0.0482758620689655
2020-03-03,0.0072727272727273196,0.0016638935108153063,0.0,0.0,0.023929471032745564,0.022556390977443552,-0.008810572687224627,0.011594202898550732
2020-03-04,0.036101083032491044,0.006644518272425293,0.0257142857142858,0.020000000000000018,0.01599015990159902,0.004901960784313708,0.004444444444444473,0.024355300859598916
2020-03-05,0.006968641114982521,0.014851485148514865,0.0,0.014005602240896309,0.009685230024213176,0.03170731707317076,0.008849557522123908,0.00419580419580412
2020-03-06,-0.02249134948096887,-0.019512195121951237,-0.02228412256267409,-0.008287292817679592,-0.025179856115107868,-0.03309692671394804,-0.030701754385964897,-0.0348189415041783
2020-03-07,NaN,NaN,NaN,NaN,NaN,NaN,NaN,NaN
2020-03-08,NaN,NaN,NaN,NaN,NaN,NaN,NaN,NaN
2020-03-09,0.0,0.0,0.0,0.0,0.0,0.0,0.0,0.0
2020-03-10,-0.03362831858407078,-0.00497512437810943,-0.014245014245014231,-0.04178272980501396,-0.06027060270602702,-0.03422982885085579,-0.07692307692307687,-0.07792207792207795
2020-03-11,-0.045787545787545736,-0.01666666666666672,-0.023121387283236983,-0.011627906976744207,-0.048429319371727786,-0.02278481012658229,-0.019607843137254943,-0.0046948356807511304
2020-03-12,0.0,0.0,-0.047337278106508895,0.0,0.0,0.0,0.0,0.0
2020-03-13,-0.041266794625719805,-0.11016949152542377,-0.012422360248447228,-0.02352941176470591,-0.12379642365887211,-0.11917098445595853,-0.128,-0.09276729559748431
2020-03-14,NaN,NaN,NaN,NaN,NaN,NaN,NaN,NaN
2020-03-15,NaN,NaN,NaN,NaN,NaN,NaN,NaN,NaN
2020-03-16,-0.02102102102102099,-0.040000000000000036,-0.07232704402515722,-0.0662650602409639,0.020408163265306145,-0.008823529411764675,-0.04931192660550454,-0.060658578856152556
2020-03-17,-0.03271983640081799,-0.018849206349206393,0.0,-0.02580645161290318,-0.004615384615384577,-0.03264094955489616,-0.033775633293124274,-0.06457564575645758
2020-03-18,-0.03594080338266381,-0.029322548028311468,-0.04406779661016946,-0.0331125827814569,-0.057187017001545604,-0.0950920245398773,-0.08239700374531833,-0.0019723865877712132
2020-03-19,-0.058114035087719285,-0.09062499999999996,-0.049645390070921946,-0.013698630136986356,-0.09344262295081962,-0.15254237288135597,-0.10340136054421767,-0.10869565217391308
2020-03-20,0.057043073341094264,0.03321878579610549,0.11567164179104483,0.06944444444444442,0.04520795660036159,0.10000000000000009,0.07890743550834589,0.07095343680709543
2020-03-21,NaN,NaN,NaN,NaN,NaN,NaN,NaN,NaN
2020-03-22,NaN,NaN,NaN,NaN,NaN,NaN,NaN,NaN
2020-03-23,-0.06387665198237891,-0.07206208425720617,-0.04013377926421402,-0.0714285714285714,-0.08131487889273359,-0.12363636363636366,-0.030942334739803123,-0.10973084886128359
2020-03-24,0.1047058823529412,0.06093189964157708,0.0766550522648084,0.09090909090909083,0.128060263653484,0.06224066390041494,0.08563134978229314,0.07441860465116279
2020-03-25,0.03620873269435565,0.0923423423423424,0.0,0.0,0.08347245409015036,0.10546875,0.1296791443850267,0.08874458874458879
2020-03-26,-0.0174717368961973,0.010309278350515427,-0.02588996763754048,-0.022435897435897467,0.006163328197226425,-0.0035335689045936647,0.004733727810650956,-0.003976143141153132
2020-03-27,0.010460251046025215,0.008163265306122547,0.013289036544850585,0.07540983606557372,-0.009188361408882129,0.046099290780141855,0.0176678445229681,0.017964071856287456
2020-03-28,NaN,NaN,NaN,NaN,NaN,NaN,NaN,NaN
2020-03-29,NaN,NaN,NaN,NaN,NaN,NaN,NaN,NaN
2020-03-30,-0.009316770186335366,-0.018218623481781382,0.003278688524590123,-0.009146341463414642,-0.009273570324574987,0.003389830508474523,-0.01157407407407407,-0.021568627450980427
2020-03-31,-0.002089864158829724,-0.006185567010309256,0.016339869281045694,0.04615384615384621,0.006240249609984483,0.03378378378378377,0.03864168618266972,0.04208416833667328
2020-04-01,-0.0408376963350785,-0.0020746887966804906,-0.032154340836012874,-0.04117647058823526,-0.03565891472868221,-0.006535947712418277,-0.03720405862457721,-0.017307692307692357
2020-04-02,0.02183406113537112,0.02494802494802495,0.04318936877076407,0.0644171779141105,0.014469453376205754,0.03618421052631571,0.014051522248243575,0.009784735812133016
2020-04-03,0.004273504273504258,0.011156186612576002,0.0031847133757962887,-0.008645533141210415,0.004754358161648264,0.0031746031746031633,-0.0034642032332563577,-0.015503875968992276
2020-04-04,NaN,NaN,NaN,NaN,NaN,NaN,NaN,NaN
2020-04-05,NaN,NaN,NaN,NaN,NaN,NaN,NaN,NaN
2020-04-06,0.036170212765957555,0.02507522567703102,0.01904761904761898,0.005813953488372103,0.08675078864353303,0.07911392405063289,0.028968713789107703,0.055118110236220375
2020-04-07,0.01848049281314168,0.066536203522505,-0.0031152647975077885,-0.020231213872832332,0.026124818577648812,0.014662756598240456,0.018018018018018056,0.05410447761194037
2020-04-08,-0.020161290322580627,-0.022018348623853212,-0.012499999999999956,-0.017699115044247815,0.018387553041018467,0.014450867052023142,-0.004424778761061954,0.0
2020-04-09,0.010288065843621297,0.016885553470919357,0.0,0.006006006006006093,0.01805555555555549,0.031339031339031376,0.07888888888888879,0.06725663716814156
2020-04-10,0.003054989816700715,-0.0073800738007380184,0.018987341772152,-0.005970149253731294,-0.0027285129604365244,0.011049723756906049,0.026776519052523096,0.028192371475953548
2020-04-11,NaN,NaN,NaN,NaN,NaN,NaN,NaN,NaN
2020-04-12,NaN,NaN,NaN,NaN,NaN,NaN,NaN,NaN
2020-04-13,-0.019289340101522834,-0.01115241635687736,-0.021739130434782594,-0.0030030030030030463,-0.017783857729138153,-0.024590163934426257,-0.01905717151454367,-0.048387096774193505
2020-04-14,0.01449275362318847,0.007518796992481258,0.012698412698412653,0.015060240963855387,0.0027855153203342198,0.019607843137254832,0.02249488752556239,0.011864406779660941
2020-04-15,NaN,NaN,NaN,NaN,NaN,NaN,NaN,NaN
2020-04-16,0.0,-0.001865671641791078,0.037617554858934144,0.011869436201780381,-0.01666666666666672,-0.01098901098901095,-0.009000000000000008,-0.028475711892797295
2020-04-17,0.048979591836734615,0.01869158878504673,0.0392749244712991,0.04985337243401755,0.019774011299435124,0.019444444444444375,0.01412714429868811,0.03103448275862064
2020-04-18,NaN,NaN,NaN,NaN,NaN,NaN,NaN,NaN
2020-04-19,NaN,NaN,NaN,NaN,NaN,NaN,NaN,NaN
2020-04-20,-0.02529182879377434,-0.012844036697247652,0.01744186046511631,0.005586592178770999,-0.0027700831024930483,-0.021798365122615793,-0.028855721393034828,-0.018394648829431426
2020-04-21,-0.01696606786427146,-0.022304832713754608,0.0028571428571428914,-0.008333333333333304,-0.018055555555555602,-0.0027855153203342198,-0.04200819672131151,-0.017035775127768327
2020-04-22,0.012182741116751217,-0.0038022813688213253,0.008547008547008517,0.019607843137254832,0.008486562942008558,-0.005586592178770999,-0.009625668449197877,-0.01559792027729634
2020-04-23,0.0,0.01717557251908386,0.04802259887005644,0.04395604395604402,0.008415147265077083,0.03651685393258419,-0.002159827213822907,0.014084507042253502
2020-04-24,-0.010030090270812475,-0.013133208255159512,-0.013477088948787075,0.013157894736842035,-0.0027816411682892728,0.0,-0.024891774891774854,-0.03819444444444442
2020-04-25,NaN,NaN,NaN,NaN,NaN,NaN,NaN,NaN
2020-04-26,NaN,NaN,NaN,NaN,NaN,NaN,NaN,NaN
2020-04-27,0.010131712259371817,0.015209125475285079,0.005464480874316946,0.025974025974025983,0.14783821478382153,0.027100271002709952,0.01664816870144281,0.032490974729241895
2020-04-28,0.005015045135406293,0.0037453183520599342,0.005434782608695565,0.0025316455696202667,-0.009720534629404587,0.0237467018469657,0.017467248908296984,0.022727272727272707
2020-04-29,-0.001996007984031989,0.02425373134328357,-0.00540540540540535,-0.002525252525252486,-0.006134969325153339,0.0670103092783505,0.0042918454935623185,0.013675213675213627
2020-04-30,NaN,NaN,NaN,NaN,NaN,NaN,NaN,NaN
2020-05-01,NaN,NaN,NaN,NaN,NaN,NaN,NaN,NaN
2020-05-02,NaN,NaN,NaN,NaN,NaN,NaN,NaN,NaN
2020-05-03,NaN,NaN,NaN,NaN,NaN,NaN,NaN,NaN
2020-05-04,-0.030000000000000027,0.005464480874316946,0.013586956521739024,0.0075949367088608,-0.029629629629629672,-0.07729468599033817,-0.022435897435897467,-0.03204047217537942
2020-05-05,NaN,NaN,NaN,NaN,NaN,NaN,NaN,NaN
2020-05-06,0.014432989690721598,0.005434782608695565,0.06970509383378021,0.0653266331658291,0.059796437659032975,-0.007853403141361293,0.01857923497267766,0.015679442508710784
2020-05-07,-0.008130081300813052,-0.014414414414414378,0.032581453634085156,0.01650943396226423,-0.0012004801920768582,0.0,-0.006437768240343367,-0.005145797598627766
2020-05-08,0.0,0.009140767824497242,0.0,-0.00696055684454755,-0.038461538461538436,0.013192612137203241,0.02051835853131756,0.051724137931034475
2020-05-09,NaN,NaN,NaN,NaN,NaN,NaN,NaN,NaN
2020-05-10,NaN,NaN,NaN,NaN,NaN,NaN,NaN,NaN
2020-05-11,-0.008196721311475419,-0.0126811594202898,0.00728155339805836,0.002336448598130758,-0.015000000000000013,0.0,-0.00846560846560851,0.0016393442622950616
2020-05-12,-0.010330578512396715,0.0,0.033734939759036076,0.02331002331002341,-0.019035532994923887,-0.02083333333333337,-0.019210245464247544,-0.02782324058919805
2020-05-13,0.013569937369519725,0.00917431192660545,0.00932400932400923,-0.004555808656036442,0.02199223803363526,0.018617021276595702,0.013057671381936808,0.0
2020-05-14,-0.011328527291452062,-0.014545454545454528,0.03926096997690531,0.0022883295194509046,0.0037974683544304,-0.01305483028720622,-0.008592910848549962,-0.03367003367003363
2020-05-15,-0.0031250000000000444,0.0036900369003689537,-0.015555555555555545,-0.0273972602739726,0.008827238335435084,0.0,0.0,0.013937282229965264
2020-05-16,NaN,NaN,NaN,NaN,NaN,NaN,NaN,NaN
2020-05-17,NaN,NaN,NaN,NaN,NaN,NaN,NaN,NaN
2020-05-18,0.01985370950888199,0.03676470588235303,-0.0022573363431150906,0.009389671361502261,0.028750000000000053,0.0185185185185186,-0.004333694474539573,0.00859106529209619
2020-05-19,0.03073770491803285,0.03191489361702127,-0.004524886877828038,-0.006976744186046546,0.024301336573511634,0.007792207792207684,0.0783460282916213,0.08006814310051102
2020-05-20,-0.005964214711729587,-0.0034364261168384758,0.05227272727272725,0.03981264637002346,0.02609727164887299,-0.005154639175257714,-0.01816347124117057,-0.02681388012618302
2020-05-21,-0.0010000000000000009,-0.01379310344827589,0.02591792656587466,0.013513513513513598,0.01965317919075149,0.0181347150259068,-0.0010277492291880241,-0.008103727714748765
2020-05-22,-0.024024024024024038,-0.01573426573426573,0.040000000000000036,0.02444444444444449,0.0045351473922903285,-0.0050890585241730735,-0.02777777777777779,-0.016339869281045805
2020-05-23,NaN,NaN,NaN,NaN,NaN,NaN,NaN,NaN
2020-05-24,NaN,NaN,NaN,NaN,NaN,NaN,NaN,NaN
2020-05-25,0.002051282051282133,-0.003552397868561319,0.08502024291497978,0.045553145336225676,0.02708803611738153,0.002557544757033181,0.015873015873015817,0.009966777408637828
2020-05-26,0.008188331627430934,0.017825311942959,0.00746268656716409,-0.008298755186721962,-0.0241758241758242,0.0025510204081633514,0.018750000000000044,0.03618421052631571
2020-05-27,0.013197969543147225,0.042031523642731994,-0.03518518518518521,-0.043933054393305415,0.0033783783783782884,0.027989821882951738,0.0030674846625766694,0.014285714285714235
2020-05-28,0.01002004008016022,-0.01680672268907568,0.0249520153550864,0.052516411378555894,-0.02244668911335579,-0.007425742574257432,-0.00917431192660545,0.0046948356807512415
2020-05-29,0.005952380952380931,0.013675213675213627,-0.01310861423220977,-0.06029106029106024,0.05510907003444321,0.0024937655860348684,0.008230452674897082,0.06697819314641751
2020-05-30,NaN,NaN,NaN,NaN,NaN,NaN,NaN,NaN
2020-05-31,NaN,NaN,NaN,NaN,NaN,NaN,NaN,NaN
2020-06-01,0.009861932938856066,-0.001686340640809414,0.00189753320683117,0.04867256637168138,0.0010881392818280489,0.014925373134328401,0.020408163265306145,0.010218978102189746
2020-06-02,0.00390625,0.013513513513513598,-0.017045454545454586,-0.012658227848101222,-0.003260869565217428,0.0,0.02499999999999991,0.054913294797687806
2020-06-03,0.060311284046692615,0.03499999999999992,-0.038535645472061675,-0.03632478632478631,0.0,0.031862745098039325,0.05853658536585371,0.008219178082191858
2020-06-04,0.0018348623853210455,0.0016103059581320522,0.018036072144288484,0.03104212860310418,0.0032715376226826187,-0.0071258907363420665,0.0,-0.021739130434782594
2020-06-05,0.016483516483516425,0.012861736334405238,-0.011811023622047223,-0.006451612903225823,-0.004347826086956497,0.014354066985645897,0.02304147465437789,0.015277777777777724
2020-06-06,NaN,NaN,NaN,NaN,NaN,NaN,NaN,NaN
2020-06-07,NaN,NaN,NaN,NaN,NaN,NaN,NaN,NaN
2020-06-08,-0.010810810810810811,0.015873015873015817,0.021912350597609542,0.04112554112554112,-0.00545851528384278,0.07783018867924518,0.018018018018018056,0.024623803009576006
2020-06-09,0.010928961748633892,0.04062499999999991,-0.007797270955165692,-0.012474012474012475,-0.001097694840834218,0.2669584245076586,-0.008849557522123908,-0.020026702269692942
2020-06-10,-0.0018018018018017834,0.052552552552552534,0.02946954813359537,0.027368421052631486,0.023076923076922995,-0.0656303972366149,-0.004464285714285698,-0.016348773841961872
2020-06-11,-0.019855595667869985,-0.015691868758915817,0.011450381679389388,-0.014344262295082011,-0.017185821697099923,-0.06284658040665436,-0.026905829596412523,-0.011080332409972304
2020-06-12,-0.036832412523020275,-0.017391304347826098,0.0037735849056603765,0.006237006237006293,-0.03934426229508192,-0.027613412228796874,-0.04608294930875578,-0.019607843137254943
2020-06-13,NaN,NaN,NaN,NaN,NaN,NaN,NaN,NaN
2020-06-14,NaN,NaN,NaN,NaN,NaN,NaN,NaN,NaN
2020-06-15,-0.04588910133843216,-0.07227138643067843,-0.050751879699248104,-0.04338842975206614,-0.03640500568828209,-0.08924949290060857,-0.0628019323671497,-0.07999999999999996
2020-06-16,0.044088176352705455,0.0365659777424483,0.04158415841584162,0.05183585313174954,0.06021251475796929,0.069042316258352,0.046391752577319645,0.06366459627329202
2020-06-17,0.0019193857965451588,0.04601226993865026,0.0,0.030800821355236208,0.00445434298440972,0.008333333333333304,-0.009852216748768461,-0.029197080291970767
2020-06-18,0.0019157088122605526,-0.0058651026392961825,0.0019011406844107182,-0.013944223107569709,0.015521064301552201,-0.039256198347107474,-0.00497512437810943,0.004511278195488799
2020-06-19,0.011472275334607929,0.014749262536873253,0.0,0.008080808080808133,-0.024017467248908297,-0.004301075268817178,0.0,-0.010479041916167664
2020-06-20,NaN,NaN,NaN,NaN,NaN,NaN,NaN,NaN
2020-06-21,NaN,NaN,NaN,NaN,NaN,NaN,NaN,NaN
2020-06-22,-0.017013232514177745,-0.018895348837209336,0.03984819734345346,0.0821643286573146,-0.01342281879194629,-0.01943844492440605,-0.015000000000000013,-0.016641452344931973
2020-06-23,-0.011538461538461497,-0.013333333333333308,0.027372262773722733,0.022222222222222143,-0.010204081632653073,0.033039647577092435,0.0020304568527917954,-0.007692307692307665
2020-06-24,0.029182879377431803,0.006006006006006093,0.003552397868561208,0.010869565217391353,0.01145475372279492,-0.019189765458422214,0.0435663627152989,0.04651162790697683
2020-06-25,-0.018903591682419618,-0.03432835820895519,-0.02831858407079646,-0.03405017921146958,-0.0328425821064553,-0.02826086956521734,-0.03495145631067964,-0.03555555555555556
2020-06-26,0.026974951830443183,0.0,0.0,-0.0018552875695733162,0.004683840749414525,-0.015659955257270708,0.006036217303822866,0.015360983102918668
2020-06-27,NaN,NaN,NaN,NaN,NaN,NaN,NaN,NaN
2020-06-28,NaN,NaN,NaN,NaN,NaN,NaN,NaN,NaN
2020-06-29,-0.016885553470919357,-0.018547140649149974,-0.025500910746812377,-0.018587360594795488,-0.0174825174825175,-0.025000000000000022,-0.02300000000000002,-0.02874432677760963
2020-06-30,0.007633587786259444,-0.0047244094488189115,0.0,0.011363636363636465,0.023724792408066353,0.03263403263403264,0.0,-0.0015576323987538387
2020-07-01,-0.0037878787878787845,0.018987341772152,0.007476635514018781,0.0074906367041198685,0.004634994206257348,0.011286681715575675,0.0051177072671442225,0.004680187207488196
2020-07-02,0.005703422053231932,0.0031055900621117516,0.05936920222634501,0.029739776951672958,0.04498269896193774,0.006696428571428603,0.008146639511201537,0.0
2020-07-03,0.013232514177693666,0.006191950464396356,0.02977232924693518,0.0018050541516245744,-0.001103752759381904,-0.0022172949002217113,0.002020202020202033,-0.0015527950310558758
2020-07-04,NaN,NaN,NaN,NaN,NaN,NaN,NaN,NaN
2020-07-05,NaN,NaN,NaN,NaN,NaN,NaN,NaN,NaN
2020-07-06,0.026119402985074647,0.0476923076923077,0.022108843537415046,0.01441441441441449,0.006629834254143541,0.022222222222222143,0.02318548387096775,0.02488335925349916
2020-07-07,-0.029090909090909056,-0.038179148311306865,0.03327787021630613,-0.007104795737122527,-0.010976948408342513,-0.008695652173912993,-0.022660098522167438,-0.022761760242792084
2020-07-08,-0.0074906367041198685,0.013740458015267132,0.056360708534621606,0.01073345259391778,-0.027746947835738056,-0.013157894736842146,0.0040322580645162365,0.020186335403726607
2020-07-09,-0.0037735849056603765,0.01957831325301207,0.08384146341463405,0.017699115044247815,0.009132420091324311,0.03777777777777769,0.0,-0.010654490106544956
2020-07-10,-0.0018939393939394478,0.007385524372230501,0.0,0.040000000000000036,-0.014705882352941124,-0.02997858672376874,-0.013052208835341417,-0.013846153846153841
2020-07-11,NaN,NaN,NaN,NaN,NaN,NaN,NaN,NaN
2020-07-12,NaN,NaN,NaN,NaN,NaN,NaN,NaN,NaN
2020-07-13,0.013282732447817747,0.004398826979472137,-0.009845288326300938,-0.006688963210702337,0.018369690011481143,0.030905077262693093,0.03255340793489325,0.05460218408736339
2020-07-14,0.0074906367041198685,0.033576642335766405,-0.025568181818181768,-0.03367003367003363,0.0022547914317925244,0.008565310492505418,0.0,0.00591715976331364
2020-07-15,0.016728624535315983,0.057909604519774005,-0.01603498542274051,-0.0017421602787456303,0.0,0.02547770700636942,0.07389162561576357,0.03529411764705892
2020-07-16,-0.01645338208409508,-0.005340453938584733,-0.045925925925925926,-0.04712041884816753,-0.007874015748031482,-0.024844720496894457,0.00917431192660545,0.0028409090909091717
2020-07-17,0.011152416356877248,0.016107382550335503,0.009316770186335477,0.01098901098901095,-0.0045351473922902175,0.00424628450106157,0.06818181818181812,0.04249291784702547
2020-07-18,NaN,NaN,NaN,NaN,NaN,NaN,NaN,NaN
2020-07-19,NaN,NaN,NaN,NaN,NaN,NaN,NaN,NaN
2020-07-20,-0.003676470588235281,0.003963011889035695,-0.0461538461538461,-0.047101449275362306,0.002277904328018332,-0.0042283298097252064,0.03404255319148941,0.032608695652173836
2020-07-21,0.02029520295202958,-0.014473684210526305,0.019354838709677358,0.026615969581748944,-0.009090909090909038,0.019108280254777066,0.0,-0.03421052631578947
2020-07-22,-0.010849909584086825,0.001335113484646211,0.006329113924050667,0.0,-0.008027522935779796,-0.006249999999999978,-0.024691358024691357,-0.02452316076294281
2020-07-23,-0.010968921389396757,-0.01200000000000001,0.036163522012578664,0.051851851851851816,-0.017341040462427793,-0.02515723270440251,0.05063291139240511,0.025139664804469275
2020-07-24,0.001848428835489857,0.0,-0.015174506828528056,-0.010563380281690127,0.0023529411764706687,-0.017204301075268824,-0.016064257028112428,0.005449591280654031
2020-07-25,NaN,NaN,NaN,NaN,NaN,NaN,NaN,NaN
2020-07-26,NaN,NaN,NaN,NaN,NaN,NaN,NaN,NaN
2020-07-27,0.02583025830258312,-0.006747638326585648,0.006163328197226425,0.01245551601423478,-0.012910798122065748,0.043763676148796504,0.008163265306122547,0.021680216802167918
2020-07-28,0.05395683453237421,-0.014945652173913082,0.009188361408882129,0.012302284710017597,-0.014268727705113005,-0.002096436058700246,-0.004048582995951455,0.0
2020-07-29,0.006825938566553003,-0.006896551724137945,0.006069802731411222,0.01388888888888884,-0.013268998793727338,0.08193277310924363,0.016260162601626105,0.051724137931034475
2020-07-30,0.0,0.001388888888888884,0.0015082956259426794,0.006849315068493178,0.004889975550122161,0.01747572815533971,0.020000000000000018,0.02648171500630525
2020-07-31,-0.01864406779661021,-0.01941747572815533,0.034638554216867457,0.023809523809523725,0.0024330900243310083,-0.03053435114503822,-0.007843137254901933,-0.0073710073710073765
2020-08-01,NaN,NaN,NaN,NaN,NaN,NaN,NaN,NaN
2020-08-02,NaN,NaN,NaN,NaN,NaN,NaN,NaN,NaN
2020-08-03,-0.01899827288428324,0.04667609618104662,0.06550218340611358,0.04485049833887045,-0.012135922330097082,-0.03346456692913391,0.0039525691699604515,-0.017326732673267342
2020-08-04,0.008802816901408494,0.05270270270270272,0.010928961748633892,-0.011128775834658211,0.029484029484029506,0.022403258655804503,0.04330708661417315,0.03652392947103267
2020-08-05,-0.006980802792321161,0.005134788189987249,0.0013513513513514486,0.008038585209003246,-0.0035799522673031214,-0.0019920318725099584,0.01132075471698113,-0.0012150668286755595
2020-08-06,0.019332161687170446,-0.01404853128991057,-0.01754385964912286,0.027113237639553533,0.0023952095808383866,0.0059880239520957446,0.07835820895522394,0.025547445255474477
2020-08-07,-0.008620689655172376,0.0,-0.030219780219780223,-0.024844720496894457,-0.017921146953404965,-0.015873015873015928,0.01730103806228378,0.0023724792408066353
2020-08-08,NaN,NaN,NaN,NaN,NaN,NaN,NaN,NaN
2020-08-09,NaN,NaN,NaN,NaN,NaN,NaN,NaN,NaN
2020-08-10,0.00521739130434784,0.11010362694300513,0.008498583569405138,-0.0015923566878981443,0.0024330900243310083,0.02822580645161299,0.15646258503401356,0.09704142011834316
2020-08-11,0.006920415224913601,-0.031505250875145885,-0.0098314606741573,-0.006379585326953707,0.013349514563106846,0.0019607843137254832,0.05294117647058827,0.01833872707659112
2020-08-12,0.013745704467353903,0.051807228915662584,0.004255319148936065,-0.020866773675762396,0.09101796407185625,0.023483365949119372,-0.03910614525139666,-0.041313559322033844
2020-08-13,-0.005084745762711895,-0.0034364261168384758,0.01836158192090398,0.006557377049180246,0.005488474204171201,-0.01147227533460804,-0.011627906976744207,-0.007734806629834279
2020-08-14,-0.011925042589437829,0.019540229885057547,0.00554785020804438,-0.006514657980456029,-0.026200873362445365,0.023210831721470093,-0.01764705882352946,-0.011135857461024523
2020-08-15,NaN,NaN,NaN,NaN,NaN,NaN,NaN,NaN
2020-08-16,NaN,NaN,NaN,NaN,NaN,NaN,NaN,NaN
2020-08-17,NaN,NaN,NaN,NaN,NaN,NaN,NaN,NaN
2020-08-18,0.006896551724137945,-0.0529875986471251,0.04275862068965508,0.008196721311475308,-0.034753363228699596,-0.03024574669187141,-0.053892215568862256,-0.03828828828828834
2020-08-19,-0.010273972602739767,0.011904761904761862,-0.003968253968253954,0.024390243902439046,0.0,0.011695906432748648,0.04113924050632911,-0.00936768149882905
2020-08-20,-0.04152249134948094,-0.0011764705882353343,-0.031872509960159334,-0.030158730158730163,-0.04761904761904767,-0.048169556840077066,-0.05775075987841949,-0.048463356973995286
2020-08-21,0.00902527075812265,0.06360424028268552,0.015089163237311354,0.022913256955810146,0.0024390243902439046,0.022267206477732726,0.006451612903225712,0.012422360248447228
2020-08-22,NaN,NaN,NaN,NaN,NaN,NaN,NaN,NaN
2020-08-23,NaN,NaN,NaN,NaN,NaN,NaN,NaN,NaN
2020-08-24,0.003577817531305927,0.0033222591362125353,0.027027027027026973,0.02400000000000002,-0.012165450121654486,0.003960396039603964,0.03525641025641035,0.019631901840490906
2020-08-25,0.005347593582887722,-0.0033112582781457123,0.002631578947368318,0.015625,0.041871921182266014,0.05128205128205132,0.02786377708978338,0.03489771359807459
2020-08-26,0.0,-0.02657807308970095,0.028871391076115582,0.027692307692307683,-0.014184397163120588,-0.0056285178236398226,0.009036144578313143,0.0046511627906977715
2020-08-27,-0.014184397163120588,-0.019340159271899915,0.047193877551020336,0.008982035928143617,-0.013189448441247031,-0.018867924528301883,-0.023880597014925398,-0.02314814814814814
2020-08-28,-0.003597122302158251,-0.0034802784222738303,-0.01218026796589522,-0.011869436201780381,0.0,0.0038461538461538325,0.051987767584097844,0.013033175355450233
2020-08-29,NaN,NaN,NaN,NaN,NaN,NaN,NaN,NaN
2020-08-30,NaN,NaN,NaN,NaN,NaN,NaN,NaN,NaN
2020-08-31,-0.02527075812274371,-0.019790454016297976,0.0036991368680641123,-0.03153153153153154,-0.015795868772782495,0.05363984674329503,0.026162790697674465,-0.007017543859649145
2020-09-01,0.0037037037037037646,0.04156769596199528,-0.013513513513513487,0.006201550387596955,0.014814814814814836,-0.0036363636363636598,0.019830028328611915,0.01648998822143688
2020-09-02,0.0036900369003689537,-0.013683010262257711,0.026151930261519407,0.024653312788905923,0.015815085158150888,0.01642335766423364,-0.022222222222222254,-0.022016222479721903
2020-09-03,0.03676470588235303,-0.009248554913294793,-0.004854368932038833,0.019548872180451093,-0.013173652694610793,0.05924596050269293,0.0028409090909091717,0.011848341232227444
2020-09-04,-0.014184397163120588,-0.019836639439906656,-0.019512195121951237,-0.030973451327433676,0.0024271844660195274,0.09152542372881345,-0.022662889518413554,-0.012880562060889944
2020-09-05,NaN,NaN,NaN,NaN,NaN,NaN,NaN,NaN
2020-09-06,NaN,NaN,NaN,NaN,NaN,NaN,NaN,NaN
2020-09-07,0.01618705035971213,-0.0023809523809523725,-0.02487562189054726,-0.0426179604261796,-0.007263922518159771,-0.0031055900621117516,-0.01449275362318836,0.003558718861210064
2020-09-08,0.038938053097345104,0.023866348448687402,-0.005102040816326481,-0.011128775834658211,0.0,-0.03582554517133951,-0.0117647058823529,0.0
2020-09-09,-0.005110732538330498,0.05128205128205132,-0.01538461538461533,-0.020900321543408373,0.003658536585365857,-0.024232633279482996,-0.0029761904761904656,-0.004728132387706863
2020-09-10,0.013698630136986356,0.03325942350332589,0.00390625,0.009852216748768461,-0.009720534629404587,-0.0016556291390728006,0.008955223880596996,0.0011876484560569
